{
  "controller/NotFound-dbg.controller.js": 1625598490399,
  "model/formatter.js": 1625598490453,
  "model/models.js": 1625598490479,
  "manifest.json": 1626175324758,
  "controller/Worklist.controller.js": 1625598490408,
  "controller/Object.controller.js": 1625598490403,
  "controller/NotFound.controller.js": 1625598490399,
  "controller/ErrorHandler.js": 1625598490395,
  "controller/BaseController.js": 1625598490386,
  "controller/App.controller.js": 1625598490380,
  "Component.js": 1625598490373,
  "manifest-bundle.zip": 1626175324791,
  "Component-preload.js": 1626175325043,
  "i18n/i18n.properties": 1625598490418,
  "model/formatter-dbg.js": 1625598490453,
  "controller/Worklist-dbg.controller.js": 1625598490408,
  "controller/Object-dbg.controller.js": 1625598490403,
  "model/models-dbg.js": 1625598490479,
  "controller/ErrorHandler-dbg.js": 1625598490395,
  "controller/BaseController-dbg.js": 1625598490386,
  "controller/App-dbg.controller.js": 1625598490380,
  "Component-dbg.js": 1625598490373,
  "view/Worklist.view.xml": 1625598852259,
  "view/ObjectNotFound.view.xml": 1625598490656,
  "view/Object.view.xml": 1625599075760,
  "view/NotFound.view.xml": 1625598490645,
  "view/App.view.xml": 1625598490640,
  "test.html": 1625598490484,
  "index.html": 1625598490425
}